{"Apple__Healthy": 0, "Apple__Rotten": 1, "Banana__Healthy": 2, "Banana__Rotten": 3, "Bellpepper__Healthy": 4, "Bellpepper__Rotten": 5, "Carrot__Healthy": 6, "Carrot__Rotten": 7, "Cucumber__Healthy": 8, "Cucumber__Rotten": 9, "Grape__Healthy": 10, "Grape__Rotten": 11, "Guava__Healthy": 12, "Guava__Rotten": 13, "Jujube__Healthy": 14, "Jujube__Rotten": 15, "Mango__Healthy": 16, "Mango__Rotten": 17, "Orange__Healthy": 18, "Orange__Rotten": 19, "Pomegranate__Healthy": 20, "Pomegranate__Rotten": 21, "Potato__Healthy": 22, "Potato__Rotten": 23, "Strawberry__Healthy": 24, "Strawberry__Rotten": 25, "Tomato__Healthy": 26, "Tomato__Rotten": 27}